04/20/2004,12/07/2005,Andre Engels|Andre Engels
04/20/2004,11/06/2009,Angela|Angela
04/20/2004,03/12/2010,Anthere|Anthere
04/20/2004,01/11/2006,ArnoLagrange|ArnoLagrange
04/20/2004,12/21/2007,Fantasy|Fantasy
04/20/2004,06/01/2005,KarlWick|Karl Wick
04/20/2004,02/02/2005,Looxix|Looxix
04/20/2004,02/28/2013,Mav|Mav
03/04/2008,03/06/2013,Andre Engels|Andre Engels
05/31/2005,12/13/2005,AstroNomer|AstroNomer
05/31/2005,03/21/2007,Danny%7Emetawiki|Danny&#126
05/31/2005,12/21/2007,Datrio|Datrio
05/31/2005,06/22/2010,Oscar|Oscar
05/31/2005,01/22/2009,Shizhao|Shizhao
05/31/2005,03/11/2011,Sj|Sj
05/31/2005,12/31/2007,Snowdog|Snowdog
05/31/2005,05/31/2006,Waerth|Waerth
05/31/2005,08/03/2009,Yann|Yann 
02/05/2010,03/11/2015,Shizhao|Shizhao
01/11/2006,11/26/2006,Ascánder|Ascánder
01/11/2006,06/29/2006,Aurevilly|Aurevilly
01/11/2006,12/31/2007,Ausir|Ausir
01/11/2006,07/07/2009,Jon Harald Søby|Jon Harald Søby
01/11/2006,02/02/2009,Paginazero|Paginazero
01/11/2006,03/11/2011,Rdsmith4|Rdsmith4
01/11/2006,12/31/2007,Romihaitza|Romihaitza
01/11/2006,12/31/2007,Suisui|Suisui
01/11/2006,01/04/2010,Walter|Walter
02/06/2006,02/28/2009,Jimbo Wales|Jimbo Wales
02/28/2013,03/08/2014,Jon Harald Søby|Jon Harald Søby
12/23/2006,11/24/2011,Bastique|Bastique
12/23/2006,03/12/2010,Cspurrier|Cspurrier
12/23/2006,06/09/2012,Darkoneko|Darkoneko
12/23/2006,03/03/2009,Dbl2010|Dbl2010
12/23/2006,06/04/2010,Effeietsanders|Effeietsanders
12/23/2006,09/28/2011,Guillom|Guillom
12/23/2006,12/07/2016,M7|M7
12/23/2006,09/03/2012,Magister Mathematicae|Magister Mathematicae
12/23/2006,12/23/2008,MaxSem|MaxSem
12/23/2006,03/01/2014,Pathoschild|Pathoschild
12/23/2006,03/12/2010,Redux|Redux
12/23/2006,03/06/2012,Shanel|Shanel
12/22/2007,01/01/2018,DerHexer|DerHexer
12/22/2007,02/01/2009,.anaconda|.anaconda
12/22/2007,09/23/2012,Dungodung|Dungodung
12/22/2007,03/08/2014,Jusjih|Jusjih
12/22/2007,02/08/2010,Lar|Lar
12/22/2007,06/07/2013,Millosh|Millosh
12/22/2007,02/05/2012,Nick1915|Nick1915
12/22/2007,09/26/2009,Spacebirdy|Spacebirdy
12/22/2007,02/11/2011,Thogo|Thogo
12/22/2007,04/02/2009,Wojciech Pędzich|Wpedzich
12/22/2007,03/03/2009,Zirland|Zirland   
02/28/2015,10/12/2015,Jusjih|Jusjih
02/04/2013,09/23/2014,Thogo|Thogo
02/28/2011,03/05/2014,Wojciech Pędzich|Wpedzich
02/28/2009,03/24/2010,Mardetanha|Mardetanha
02/28/2009,03/12/2010,Alexanderps|Alexanderps
02/28/2009,02/09/2010,Dorgan|Dorgan
02/28/2009,10/31/2011,Erwin|Erwin
02/28/2009,02/17/2011,Kylu|Kylu
02/28/2009,10/11/2013,Laaknor|Laaknor
02/28/2009,03/08/2014,Leinad|Leinad
02/28/2009,01/28/2010,Meno25|Meno25
02/28/2009,09/10/2010,Mike.lifeguard|Mike.lifeguard
03/09/2010,01/01/2018,Jyothis|Jyothis
03/09/2010,05/26/2010,MarcoAurelio|MarcoAurelio
03/09/2010,01/01/2018,Melos|Melos
03/09/2010,03/13/2018,Avraham|Avraham
03/09/2010,01/10/2015,J.delanoy|J.delanoy
03/09/2010,03/06/2012,Mercy|Mercy
03/09/2010,12/29/2010,Sir Lestaty de Lioncourt|Sir Lestaty de Lioncourt
03/09/2010,01/12/2012,Wutsje|Wutsje
02/28/2015,01/01/2018,MarcoAurelio|MarcoAurelio
02/28/2011,01/01/2018,Bsadowski1|Bsadowski1
02/28/2011,01/01/2018,Matanya|Matanya
02/28/2011,01/01/2018,Mentifisto|Mentifisto
02/28/2011,01/01/2018,Ruslik0|Ruslik0
02/28/2011,07/12/2011,Barras|Barras
02/28/2011,03/06/2012,Eptalon|Eptalon
02/28/2011,03/06/2013,Fr33kman|Fr33kman
02/28/2011,02/29/2012,Jafeluv|Jafeluv
02/28/2011,06/12/2011,Manuelt15|Manuelt15
02/28/2011,01/02/2014,PeterSymonds|PeterSymonds
10/07/2011,01/01/2018,Trijnstel|Trijnstel
10/07/2011,01/01/2018,Vituzzu|Vituzzu
10/07/2011,03/06/2013,Axpde|Axpde
10/07/2011,03/11/2015,Bencmq|Bencmq
10/07/2011,03/13/2017,Bennylin|Bennylin
10/07/2011,01/30/2012,Quadell|Quadell
10/07/2011,03/11/2015,Quentinv57|Quentinv57
10/07/2011,03/03/2015,Wikitanvir|Wikitanvir
02/28/2012,01/01/2018,MBisanz|MBisanz
02/28/2012,01/01/2018,Tegel|Tegel
02/28/2012,01/01/2018,Teles|Teles
02/28/2012,12/14/2015,Billinghurst|Billinghurst
02/28/2012,01/15/2016,Elfix|Elfix
02/28/2012,02/14/2013,Luckas Blade|Luckas Blade
02/28/2012,03/13/2016,Pundit|Pundit
02/28/2012,03/13/2016,Snowolf|Snowolf
02/28/2013,01/01/2018,MF-Warburg|MF-Warburg
02/28/2013,01/01/2018,QuiteUnusual|QuiteUnusual
02/28/2013,03/08/2014,Amqui|Amqui
02/28/2013,09/12/2013,BRUTE|BRUTE
02/28/2013,01/16/2016,Mathonius|Mathonius
02/28/2014,01/01/2018,Ajraddatz|Ajraddatz
02/28/2014,01/01/2018,Hoo man|Hoo man\
02/28/2014,01/01/2018,Shanmugamp7|Shanmugamp7
02/28/2014,03/06/2015,Rschen7754|Rschen7754
02/28/2014,09/21/2017,Savh|Savh
02/28/2014,11/14/2016,SPQRobin|SPQRobin
02/28/2014,09/25/2014,TBloemink|TBloemink
02/28/2015,01/01/2018,Linedwell|Linedwell
02/28/2015,01/01/2018,Pmlineditor|Pmlineditor
02/28/2015,01/01/2018,RadiX|RadiX
02/28/2015,01/01/2018,Stryn|Stryn
02/28/2015,12/31/2017,Einsbor|Einsbor
02/28/2015,03/13/2016,Taketa|Taketa
02/28/2016,01/01/2018,Masti|Masti
02/28/2016,01/01/2018,NahidSultan|NahidSultan
02/28/2017,01/01/2018,Defender|Defender
02/28/2017,01/01/2018,HakanIST|HakanIST
02/28/2017,01/01/2018,Matiia|Matiia
02/28/2017,01/01/2018,Sjoerddebruin|Sjoerddebruin
02/28/2018,01/01/2018,علاء|Alaa
02/28/2018,01/01/2018,Green Giant|Green Giant
02/28/2018,01/01/2018,-revi|-revi
02/28/2018,01/01/2018,Rxy|Rxy
02/28/2018,01/01/2018,There'sNoTime|There'sNoTime