username,start_date,end_date
Ebe123,January 2013,November 2013
Lavallen,January 2013,November 2013
Ezhiki,February 2013,November 2013
ThorstenX1,February 2013,November 2013
Phoebe,February 2013,November 2013
Mabschaaf,February 2013,November 2013
Karthikndr,February 2013,November 2013
Danrok,February 2013,November 2013
Casual,February 2013,November 2013
HenkvD,February 2013,November 2013
Ciaratutti,February 2013,November 2013
FallingGravity,February 2013,November 2013
Ukexpat,February 2013,November 2013
Jnorton7558,February 2013,November 2013
Dosto,February 2013,November 2013
Ssolbergj,February 2013,November 2013
Dcirovic,February 2013,November 2013
Mojdeh.h,February 2013,November 2013
Chris j wood,February 2013,November 2013
Xmlizer,February 2013,November 2013
Jkl,February 2013,November 2013
DaniDF1995,February 2013,November 2013
Kizar,February 2013,November 2013
The Banner,February 2013,November 2013
Crisco 1492,March 2013,November 2013
Mediran,March 2013,November 2013
Jackie,March 2013,November 2013
Wolfch,March 2013,November 2013
Metroitendo,March 2013,November 2013
Holger1959,March 2013,November 2013
Powerek38,March 2013,November 2013
Grondilu,March 2013,November 2013
Ccmpg,March 2013,November 2013
H.b.sh,March 2013,November 2013
Kolega2357,March 2013,November 2013
Metrónomo,March 2013,November 2013
Chaoborus,March 2013,November 2013
Marimarina,March 2013,November 2013
Brateevsky,March 2013,November 2013
Йо Асакура,March 2013,November 2013
FrigidNinja,March 2013,November 2013
DonRumata,March 2013,November 2013
CecilF,March 2013,November 2013
Sir Lothar,March 2013,November 2013
Yuri ar,March 2013,November 2013
De728631,March 2013,November 2013
Aced,April 2013,November 2013
Emilianka,April 2013,November 2013
SHOTHA,April 2013,November 2013
Bluemask,April 2013,November 2013
Aplikasi,April 2013,November 2013
Gumruch,April 2013,November 2013
Aplikasi 2,April 2013,November 2013
Gumruch 2,April 2013,November 2013
Yoda1893,April 2013,November 2013
Ched,April 2013,November 2013
Aconcagua,April 2013,November 2013
FreCha,May 2013,November 2013
S-1-5-7,May 2013,November 2013
Byfserag,May 2013,November 2013
FischBot-test,May 2013,November 2013
Jayadevp13,May 2013,November 2013
Tchoř,May 2013,November 2013
Jeriby,May 2013,November 2013
DangSunAlt,May 2013,November 2013
Joshbaumgartner,May 2013,November 2013
Alain Schneider,May 2013,November 2013
Чръный человек,May 2013,November 2013
Fixertool,May 2013,November 2013
Blackfish,May 2013,November 2013
LauraHale,May 2013,November 2013
DGG,May 2013,November 2013
Spider,May 2013,November 2013
Yhz1221,May 2013,November 2013
乌拉跨氪,May 2013,November 2013
范,May 2013,November 2013
Jimmy xu wrk,May 2013,November 2013
T.A Shirakawa,May 2013,November 2013
sysops in zhwiki,May 2013,November 2013
some trusted user,May 2013,November 2013
Manojk,June 2013,November 2013
Kiran Gopi,July 2013,November 2013
Fameowner,July 2013,November 2013
emara,July 2013,November 2013
CherryX,July 2013,November 2013
Linedwell,July 2013,November 2013
WindEwriX,September 2013,November 2013
NatigKrolik,September 2013,November 2013
WorldTraveller101,September 2013,November 2013
André Costa (WMSE),September 2013,November 2013
ارژنگ,September 2013,November 2013
Wongpong,September 2013,November 2013
Lantus,September 2013,November 2013
RalfX,September 2013,November 2013
NahidSultan,September 2013,November 2013
لطرش احمد الهاشمي,September 2013,November 2013
Ch.Andrew,May 2013,November 2013
Iamchenzetian,May 2013,November 2013
Aoke1989,May 2013,November 2013
AddisWang,May 2013,November 2013
Alberth2,May 2013,November 2013
Jasonzhuocn,May 2013,November 2013
Lakokat,May 2013,November 2013
Wcam,May 2013,November 2013
Wangxuan8331800,May 2013,November 2013
Wing,May 2013,November 2013
Wong128hk,May 2013,November 2013
YFdyh000,May 2013,November 2013
石,May 2013,November 2013