username,start_date
NigelSoft,February 2014
El pitareio,December 2014
Cwek,December 2014
Scoopfinder,February 2015
Pessimist2006,July 2015
Little Savage,August 2015
Thibaut120094,August 2015
Ivan A. Krestinin,August 2015
KrBot,August 2015
Kaganer,August 2015
Citing Bot,August 2015
RobokoBot,November 2015
Mr. Ibrahem,February 2016
Panzer VI-II,May 2016
Doror,October 2016
User:Doror,October 2016
Bharel,October 2016
User:Bharel,October 2016
BDaniel,December 2016
User:BDaniel,December 2016
MechQuester,December 2016
User:MechQuester,December 2016
William915,July 2013
